rank,eligible,score,formula,attacker_dice,defender_dice,attacker_bonus,damage_cap,neutral_target_hit,neutral_active_hit,neutral_tie,neutral_target_damage,neutral_active_damage,neutral_oneshot_4,flank_target_hit,flank_target_damage,duel_4_exchanges,duel_5_exchanges,duel_7_exchanges,duel_9_exchanges,duel_5_first_win,duel_5_cv,failures
1,True,100.0,2d6 vs 2d6; A+1; cap 3,2,2,1,3,0.5563271604938271,0.33564814814814814,0.10802469135802469,1.3356481481481481,0.7337962962962963,0.0,0.7608024691358025,1.9814814814814814,3.069450728769458,3.6254686903201243,5.310832150909419,6.77985011644685,0.5301266622919759,0.352120621442822,
2,True,98.99999999999999,1d6 vs 1d6; A+1; cap 3,1,1,1,3,0.5833333333333334,0.27777777777777773,0.1388888888888889,1.2777777777777777,0.5277777777777778,0.0,0.8333333333333335,2.138888888888889,3.4227576818129055,4.176842204040702,6.062940770333583,7.894922630516924,0.5377747061755922,0.3627104327266654,
3,True,96.14474853257711,2d6 vs 3d6; A+4; cap 3,2,3,4,3,0.5,0.39969135802469136,0.10030864197530864,1.2048611111111112,0.9263117283950617,0.0,0.6948302469135803,1.7951388888888888,2.985713645468187,3.4971419573025906,5.146364532684449,6.523223820125536,0.513491593724629,0.3522420009611769,
4,True,94.62926758258536,2d6 vs 2d6; A+1; cap 2,2,2,1,2,0.5563271604938271,0.33564814814814814,0.10802469135802469,1.0,0.5748456790123457,0.0,0.7608024691358025,1.4251543209876543,3.5020858604175236,4.883398237535459,6.980128810459323,9.14829296696586,0.5265621586472402,0.26231110469419017,
5,True,93.92936847103512,2d6 vs 2d6; A+2; cap 3,2,2,2,3,0.6643518518518519,0.23919753086419754,0.09645061728395062,1.6643518518518519,0.49537037037037035,0.0,0.8410493827160495,2.2662037037037037,3.0570265229960865,3.5631217628121528,5.226666500940973,6.606223902033761,0.5692243535082636,0.32558458892017256,
6,True,92.49733791073716,2d6 vs 2d6; A+2; cap 2,2,2,2,2,0.6643518518518519,0.23919753086419754,0.09645061728395062,1.220679012345679,0.39814814814814814,0.0,0.8410493827160495,1.6018518518518519,3.467571904240455,4.874674900124679,6.941245414394503,9.072812224119186,0.5607448976518996,0.24333855417727107,
7,True,89.6175983103847,2d6 vs 3d6; A+4; cap 2,2,3,4,2,0.5,0.39969135802469136,0.10030864197530864,0.8996913580246914,0.7048611111111112,0.0,0.6948302469135803,1.2951388888888888,3.395385645151611,4.783020297080787,6.828133032189656,8.944267260208262,0.5120002041785007,0.2599411730055135,
8,True,88.35966618631107,1d6 vs 1d6; A+1; cap 2,1,1,1,2,0.5833333333333334,0.2777777777777778,0.1388888888888889,1.0,0.4444444444444444,0.0,0.8333333333333333,1.5555555555555556,3.9224354720271277,5.290865942449571,7.610980800359133,10.007630954277372,0.5339923144273699,0.27939873663460685,
9,True,82.75565843621399,2d6 vs 2d6; A+0; cap 3,2,2,0,3,0.44367283950617287,0.44367283950617287,0.11265432098765432,1.0185185185185186,1.0185185185185186,0.0,0.6643518518518519,1.6643518518518519,3.07550307525268,3.6481180840564233,5.346386689113341,6.844598078770538,0.5,0.36184704716497723,
10,True,80.30541626713045,1d6 vs 1d6; A+0; cap inf,1,1,0,,0.41666666666666663,0.41666666666666663,0.16666666666666666,0.9722222222222223,0.9722222222222223,0.08333333333333333,0.7222222222222223,2.2777777777777777,3.0003168724279585,3.8340910676726025,5.514537167875396,7.219249959199438,0.5,0.4555682716512605,
11,True,79.81242429205342,1d6 vs 1d6; A+0; cap 4,1,1,0,4,0.41666666666666663,0.41666666666666663,0.16666666666666666,0.9444444444444444,0.9444444444444444,0.08333333333333333,0.7222222222222223,2.0,3.0003168724279585,4.026370080018281,5.6541208349993095,7.448836572799899,0.4999999999999999,0.40331947660024825,
12,True,78.57638888888889,1d6 vs 1d6; A+0; cap 3,1,1,0,3,0.41666666666666663,0.41666666666666663,0.16666666666666666,0.8611111111111112,0.8611111111111112,0.0,0.7222222222222223,1.7222222222222223,3.512761316872403,4.3070885985368,6.259712321053263,8.16837105482891,0.4999999999999999,0.3849009540500305,
13,True,76.95478992287276,2d6 vs 2d6; A+0; cap 2,2,2,0,2,0.4436728395061728,0.4436728395061728,0.11265432098765432,0.779320987654321,0.779320987654321,0.0,0.6643518518518519,1.220679012345679,3.5137735775453716,4.891277747282854,6.998867882930878,9.181458516447602,0.49999999999999994,0.2690309563179487,
14,True,73.41692433431616,1d6 vs 1d6; A+2; cap 3,1,1,2,3,0.7222222222222223,0.16666666666666669,0.1111111111111111,1.7222222222222223,0.27777777777777773,0.0,0.9166666666666666,2.4722222222222223,3.290642023744579,3.910497264107205,5.715847916005482,7.357489197216147,0.593000959440086,0.31826483540427786,
15,True,70.05646159446377,2d6 vs 3d6; A+3; cap 3,2,3,3,3,0.39969135802469136,0.5,0.10030864197530864,0.9263117283950617,1.2048611111111112,0.0,0.6003086419753086,1.5,2.985713645468187,3.4971419573025906,5.146364532684448,6.523223820125536,0.48650840627537106,0.35224200096117714,
16,True,69.73489983360109,1d6 vs 1d6; A+2; cap 2,1,1,2,2,0.7222222222222223,0.16666666666666666,0.1111111111111111,1.3055555555555556,0.25,0.0,0.9166666666666667,1.75,3.7311121531391054,5.150079226716489,7.345019588548667,9.607503845233769,0.5872057822287999,0.23891837522611298,
17,True,68.62061465224,1d6 vs 1d6; A+0; cap 2,1,1,0,2,0.4166666666666667,0.4166666666666667,0.16666666666666666,0.6944444444444444,0.6944444444444444,0.0,0.7222222222222223,1.3055555555555556,4.02150205761316,5.418559956561481,7.807987374627415,10.280555452750885,0.5,0.2989726045100467,
18,True,66.8734320456112,2d6 vs 2d6; A+3; cap 2,2,2,3,2,0.7608024691358025,0.1589506172839506,0.08024691358024691,1.4251543209876543,0.25617283950617287,0.0,0.9027777777777777,1.7438271604938271,3.4112205772088537,4.883941029450558,6.911031614756541,8.995325030726049,0.611911433027545,0.21448031328013067,
19,True,66.791753501901,2d6 vs 3d6; A+3; cap 2,2,3,3,2,0.39969135802469136,0.5,0.10030864197530864,0.7048611111111112,0.8996913580246914,0.0,0.6003086419753086,1.1003086419753085,3.395385645151611,4.783020297080787,6.8281330321896565,8.94426726020826,0.4879997958214992,0.2599411730055135,
20,True,64.50363150749043,2d6 vs 3d6; A+2; cap 3,2,3,2,3,0.30516975308641975,0.6003086419753086,0.09452160493827161,0.6786265432098766,1.5,0.0,0.5,1.2048611111111112,2.986530389364388,3.4737601312348456,5.110309674269962,6.441334226802405,0.4557836371389994,0.3371048733465093,
21,True,64.42046702397629,2d6 vs 2d6; A+3; cap 3,2,2,3,3,0.7608024691358025,0.1589506172839506,0.08024691358024691,1.9814814814814814,0.3101851851851852,0.0,0.9027777777777779,2.5046296296296293,3.0448945986989098,3.473423796536547,5.13560582652692,6.360151515641686,0.6222853908394361,0.2875718234199744,
22,True,63.95707964683164,2d6 vs 3d6; A+2; cap 2,2,3,2,2,0.30516975308641975,0.6003086419753086,0.09452160493827161,0.5266203703703703,1.1003086419753085,0.0,0.5,0.8996913580246914,3.3858177214618816,4.783990070759664,6.817583158051468,8.917168141267345,0.4614015243019587,0.2500831557393361,
23,True,63.49097889516867,2d6 vs 3d6; A+1; cap 2,2,3,1,2,0.22145061728395063,0.6948302469135803,0.08371913580246913,0.3734567901234568,1.2951388888888888,0.0,0.39969135802469136,0.7048611111111112,3.3615969528029876,4.793734715820728,6.803942980059917,8.874314194826406,0.4257962721363877,0.23111266480450937,
24,True,62.7932390280915,3d6 vs 2d6; A+0; cap 2,3,2,0,2,0.7785493827160493,0.15200617283950618,0.06944444444444445,1.4733796296296295,0.25,0.0,0.9020061728395062,1.75,3.32018252650522,4.819647125875489,6.802019687396213,8.836902371484449,0.6255187894819778,0.2048428877137479,
25,True,61.94995095562976,2d6 vs 3d6; A+1; cap 3,2,3,1,3,0.2214506172839506,0.6948302469135803,0.08371913580246913,0.47145061728395066,1.7951388888888888,0.0,0.39969135802469136,0.9263117283950617,2.9887797177578532,3.4278750919659142,5.056549143355805,6.293539044569153,0.41527294944993953,0.3095247476392599,
26,True,57.26947874518638,3d6 vs 2d6; A+0; cap 3,3,2,0,3,0.7785493827160495,0.15200617283950615,0.06944444444444445,2.0736882716049383,0.30877057613168724,0.0,0.9020061728395061,2.528549382716049,2.9926386768560964,3.364137693096418,5.008702774630454,6.101518906333178,0.6375699971295654,0.2735742788395678,
27,True,56.58700005101911,2d6 vs 3d6; A+0; cap 2,2,3,0,2,0.15200617283950618,0.7785493827160493,0.06944444444444445,0.25,1.4733796296296295,0.0,0.30516975308641975,0.5266203703703703,3.3201825265052194,4.819647125875489,6.802019687396214,8.836902371484449,0.37448121051802175,0.20484288771374864,
28,True,53.99561410673843,2d6 vs 3d6; A+0; cap 3,2,3,0,3,0.15200617283950615,0.7785493827160495,0.06944444444444445,0.30877057613168724,2.0736882716049383,0.0,0.30516975308641975,0.6786265432098766,2.992638676856097,3.364137693096418,5.0087027746304535,6.101518906333178,0.36243000287043464,0.2735742788395678,
29,False,91.51187218752969,1d6 vs 1d6; A+1; cap 4,1,1,1,4,0.5833333333333334,0.27777777777777773,0.1388888888888889,1.4444444444444442,0.5555555555555556,0.16666666666666666,0.8333333333333334,2.5555555555555554,2.8267673394593382,3.8805378101088923,5.419888866968645,7.139369569394529,0.5436882324249791,0.3792052890819114,one-shot >15%
30,False,91.44874316088895,1d6 vs 1d6; A+1; cap inf,1,1,1,,0.5833333333333334,0.27777777777777773,0.1388888888888889,1.5555555555555556,0.5555555555555556,0.16666666666666669,0.8333333333333335,3.111111111111111,2.8267673394593382,3.5835378832592983,5.1783794993066605,6.7478910768667495,0.5435525435260604,0.4626258053281466,one-shot >15%
31,False,79.5137786474595,2d6 vs 2d6; A+1; cap 4,2,2,1,4,0.5563271604938271,0.33564814814814814,0.10802469135802469,1.5748456790123457,0.8310185185185185,0.23919753086419754,0.7608024691358024,2.4251543209876543,2.226634825355397,3.3130777256862576,4.450528820863618,5.920193267271772,0.5361921699754427,0.3531173098122834,one-shot >15%; 4HP tempo
32,False,71.42844291090795,2d6 vs 3d6; A+4; cap 4,2,3,4,4,0.5,0.39969135802469136,0.10030864197530864,1.4263117283950617,1.078317901234568,0.22145061728395063,0.6948302469135803,2.1948302469135803,2.105142263624437,3.191387788494894,4.238079166055087,5.666766181516692,0.516369253194028,0.3483127088389247,one-shot >15%; 4HP tempo
33,False,69.49549398209652,2d6 vs 2d6; A+0; cap 4,2,2,0,4,0.44367283950617287,0.44367283950617287,0.11265432098765432,1.1774691358024691,1.1774691358024691,0.15895061728395063,0.6643518518518519,2.0,2.287417056457473,3.3383435376193074,4.510289943042071,5.995346546738285,0.5000000000000001,0.3650153098520718,one-shot >15%; 4HP tempo
34,False,66.41684499864672,2d6 vs 2d6; A+2; cap 4,2,2,2,4,0.6643518518518519,0.2391975308641975,0.09645061728395062,2.0,0.5493827160493827,0.33564814814814814,0.8410493827160495,2.8225308641975304,2.0657456522491673,3.25139911368521,4.287063556467398,5.730383246080818,0.5838642919892265,0.3203938543893715,one-shot >15%; 4HP tempo
35,False,65.29832833093977,2d6 vs 2d6; A+1; cap inf,2,2,1,,0.556327160493827,0.33564814814814814,0.10802469135802469,1.9282407407407405,0.9282407407407407,0.23919753086419754,0.7608024691358024,3.353395061728395,2.226634825355397,2.724368471061654,3.8198711574520523,4.963446122138004,0.5380139226510102,0.5189155390092414,one-shot >15%; 4HP tempo; 9HP tempo
36,False,62.881156339644704,2d6 vs 3d6; A+4; cap inf,2,3,4,,0.5000000000000001,0.3996913580246914,0.10030864197530864,1.7944958847736625,1.2944958847736623,0.22145061728395063,0.6948302469135802,3.0896347736625516,2.105142263624437,2.54876636810501,3.5322129541586618,4.571158626567403,0.5183759296515564,0.5285595436621019,one-shot >15%; 4HP tempo; 9HP tempo
37,False,56.73654637920414,2d6 vs 2d6; A+0; cap inf,2,2,0,,0.44367283950617287,0.44367283950617287,0.11265432098765432,1.3719135802469133,1.3719135802469133,0.1589506172839506,0.6643518518518516,2.5925925925925926,2.287417056457473,2.809020471157292,3.9444054994224396,5.124902983739431,0.5,0.5145045347197857,one-shot >15%; 4HP tempo
38,False,54.59375012258645,1d6 vs 1d6; A+2; cap 4,1,1,2,4,0.7222222222222223,0.16666666666666669,0.1111111111111111,2.0,0.27777777777777773,0.2777777777777778,0.9166666666666669,3.055555555555556,2.44913598126411,3.6104046063027155,4.921898446375074,6.5129344026271,0.6081867911776044,0.3248214673348169,one-shot >15%; 4HP tempo
39,False,53.994713860469815,1d6 vs 1d6; A+3; cap 3,1,1,3,3,0.8333333333333335,0.08333333333333333,0.08333333333333333,2.138888888888889,0.1111111111111111,0.0,0.9722222222222223,2.722222222222222,3.187489369756415,3.646814437864972,5.4169638598096315,6.735882747159712,0.6703482888327451,0.2624965734069496,first action >15pp
40,False,53.517096358275786,1d6 vs 1d6; A+3; cap 2,1,1,3,2,0.8333333333333333,0.08333333333333333,0.08333333333333333,1.5555555555555556,0.1111111111111111,0.0,0.9722222222222222,1.8888888888888888,3.568975957900902,5.117328118255361,7.2292356882541515,9.392071165848352,0.6752848195771943,0.18717187026478732,first action >15pp
41,False,52.26319281847791,2d6 vs 1d6; A+0; cap 2,2,1,0,2,0.8379629629629629,0.09259259259259259,0.06944444444444445,1.5787037037037037,0.1388888888888889,0.0,0.9537037037037037,1.8611111111111112,3.4254395635614627,4.986832345045557,7.024840867769303,9.109559301216132,0.679740739504497,0.18277742480852296,first action >15pp
42,False,51.977155639769265,2d6 vs 2d6; A+2; cap inf,2,2,2,,0.6643518518518516,0.23919753086419754,0.09645061728395062,2.5925925925925926,0.5925925925925926,0.33564814814814814,0.8410493827160492,4.194444444444444,2.0657456522491673,2.5029307231306257,3.493769624415775,4.545854832112579,0.5773346404512102,0.5294313413215574,one-shot >15%; 4HP tempo; 9HP tempo
43,False,51.789808750572384,2d6 vs 3d6; A+3; cap 4,2,3,3,4,0.39969135802469136,0.5,0.10030864197530864,1.078317901234568,1.4263117283950617,0.15200617283950618,0.6003086419753086,1.8051697530864197,2.105142263624437,3.1913877884948945,4.238079166055087,5.666766181516691,0.483630746805972,0.3483127088389246,one-shot >15%; 4HP tempo
44,False,51.558217946111206,2d6 vs 2d6; A+4; cap 2,2,2,4,2,0.8410493827160495,0.09722222222222221,0.06172839506172839,1.6018518518518519,0.15123456790123457,0.0,0.9459876543209876,1.8487654320987654,3.3341291845276695,4.913049182426013,6.907639882249502,8.94549589033858,0.6850013744283333,0.1789932963205751,first action >15pp
45,False,50.59866638512046,3d6 vs 2d6; A+1; cap 2,3,2,1,2,0.8479938271604938,0.09799382716049382,0.05401234567901234,1.626543209876543,0.15676440329218105,0.0,0.9412294238683128,1.843235596707819,3.2651298620103426,4.861547318731027,6.824759942799118,8.827773304858345,0.693958788403847,0.17400685986886769,first action >15pp
46,False,49.6043668197514,2d6 vs 1d6; A+0; cap 3,2,1,0,3,0.837962962962963,0.09259259259259259,0.06944444444444445,2.2037037037037037,0.15740740740740738,0.0,0.9537037037037036,2.699074074074074,3.091537432303727,3.4765547543213264,5.198414394417371,6.341043396424718,0.6771145963303784,0.2540606183482456,first action >15pp
47,False,49.116598574670626,3d6 vs 2d6; A+2; cap 2,3,2,2,2,0.9020061728395062,0.05877057613168724,0.03922325102880658,1.75,0.09117798353909465,0.0,0.9675925925925926,1.9088220164609053,3.204092484483714,4.909316724527021,6.869109763204043,8.853360570131752,0.772345217338063,0.1413686694226822,first action >15pp; flank value
48,False,48.65248837563539,2d6 vs 1d6; A+1; cap 2,2,1,1,2,0.9074074074074073,0.046296296296296294,0.046296296296296294,1.7453703703703702,0.06481481481481481,0.0,0.9814814814814815,1.9351851851851851,3.2917623910830374,4.998077842955197,7.0036116755698945,9.034490055283474,0.779858857551534,0.1371928512265345,first action >15pp; flank value
49,False,48.53741658188008,3d6 vs 2d6; A+3; cap 2,3,2,3,2,0.9412294238683128,0.032407407407407406,0.026363168724279837,1.843235596707819,0.048611111111111105,0.0,0.9837962962962963,1.9513888888888888,3.1449693113983592,4.9507645378318905,6.9193077392939335,8.89973795278589,0.8481006357020836,0.1094592406979713,first action >15pp; flank value
50,False,47.86982153981969,2d6 vs 1d6; A+2; cap 2,2,1,2,2,0.9537037037037037,0.018518518518518517,0.027777777777777776,1.8611111111111112,0.023148148148148147,0.0,0.9953703703703703,1.9768518518518519,3.1830914130298775,5.018459072482823,7.0210427526585475,9.033098060539473,0.8748402276391618,0.09416334757681359,first action >15pp; flank value
51,False,47.719621716842774,3d6 vs 2d6; A+4; cap 2,3,2,4,2,0.9675925925925926,0.016203703703703706,0.016203703703703703,1.9088220164609053,0.023405349794238684,0.0,0.992798353909465,1.9765946502057612,3.0943038536485523,4.979041051300028,6.960128645021222,8.945771242716152,0.9100015077700143,0.0804412938079684,first action >15pp; flank value
52,False,47.276843111987645,1d6 vs 1d6; A+4; cap 2,1,1,4,2,0.9166666666666667,0.027777777777777776,0.05555555555555555,1.75,0.027777777777777776,0.0,1.0,1.972222222222222,3.392640322580064,5.123621157903756,7.192321463471701,9.28568280554953,0.7958003755684815,0.12750868919412617,first action >15pp
53,False,47.002173681379446,2d6 vs 1d6; A+3; cap 2,2,1,3,2,0.9814814814814815,0.004629629629629629,0.013888888888888888,1.9351851851851851,0.004629629629629629,0.0,1.0,1.9953703703703702,3.0976650045086265,5.02466135561878,7.031123592407923,9.039758698208606,0.9457733959099531,0.0557944243449202,first action >15pp; flank value
54,False,46.66859396495205,2d6 vs 1d6; A+4; cap 2,2,1,4,2,0.9953703703703703,0.0,0.004629629629629629,1.9768518518518519,0.0,0.0,1.0,2.0,3.038057204500535,5.014604591895248,7.0199013875738965,9.02540818512322,0.9858098988492202,0.02427152580981277,first action >15pp; flank value
55,False,46.246653684903706,2d6 vs 3d6; A+2; cap 4,2,3,2,4,0.30516975308641975,0.6003086419753086,0.09452160493827161,0.7766203703703705,1.8051697530864197,0.09799382716049383,0.5,1.4263117283950617,2.0213181295568052,3.167680145517683,4.162993620146159,5.578375338570686,0.4461354448033648,0.32990541734854095,4HP tempo
56,False,46.03857227397932,2d6 vs 2d6; A+4; cap 3,2,2,4,3,0.8410493827160495,0.09722222222222221,0.06172839506172839,2.2662037037037037,0.17824074074074073,0.0,0.9459876543209875,2.689814814814815,3.035780574182065,3.368932342764908,5.068519236251498,6.075902445497846,0.6888995559764605,0.24358561616340196,first action >15pp
57,False,45.524061531160996,2d6 vs 3d6; A+3; cap inf,2,3,3,,0.3996913580246914,0.5000000000000001,0.10030864197530864,1.2944958847736623,1.7944958847736625,0.15200617283950618,0.6003086419753086,2.3948045267489713,2.105142263624437,2.54876636810501,3.5322129541586618,4.571158626567403,0.4816240703484436,0.5285595436621019,one-shot >15%; 4HP tempo; 9HP tempo
58,False,43.66239888796897,1d6 vs 1d6; A+2; cap inf,1,1,2,,0.7222222222222223,0.16666666666666669,0.1111111111111111,2.2777777777777777,0.27777777777777773,0.27777777777777773,0.9166666666666667,4.027777777777778,2.44913598126411,3.0450639109215514,4.412820734772721,5.766856439237778,0.5893620305880048,0.48931790006809583,one-shot >15%; 4HP tempo
59,False,42.37264336154855,3d6 vs 2d6; A+1; cap 3,3,2,1,3,0.8479938271604938,0.09799382716049382,0.05401234567901234,2.3213734567901234,0.18917181069958847,0.0,0.9412294238683128,2.6912294238683128,2.9980287054872403,3.2909430289422366,4.982052628370834,5.886513965838438,0.7011535185705932,0.2334439474496971,first action >15pp
60,False,42.11350038495311,1d6 vs 1d6; A+4; cap 3,1,1,4,3,0.9166666666666666,0.027777777777777776,0.05555555555555555,2.4722222222222223,0.027777777777777776,0.0,1.0,2.888888888888889,3.1248311222615532,3.4166990784152964,5.239779331878129,6.124177358093421,0.7624910268586329,0.20451226968542865,first action >15pp
61,False,40.7312225835373,2d6 vs 3d6; A+2; cap inf,2,3,2,,0.30516975308641975,0.6003086419753086,0.09452160493827161,0.8948045267489714,2.3948045267489713,0.0979938271604938,0.5000000000000001,1.7944958847736625,2.0213181295568052,2.4334256393523814,3.358010554056256,4.346763756724176,0.4442970979129568,0.5337811843667157,4HP tempo; 9HP tempo
62,False,39.960748961312845,2d6 vs 1d6; A+1; cap 3,2,1,1,3,0.9074074074074074,0.046296296296296294,0.046296296296296294,2.486111111111111,0.06944444444444445,0.0,0.9814814814814815,2.8425925925925926,3.058778604481209,3.3153847868362236,5.102095032500448,5.939140736328084,0.7619206597630996,0.2006575065535394,first action >15pp; flank value
63,False,39.45488597898402,2d6 vs 3d6; A+1; cap 4,2,3,1,4,0.2214506172839506,0.6948302469135803,0.08371913580246913,0.5302211934156379,2.1948302469135803,0.05877057613168724,0.39969135802469136,1.078317901234568,1.8770639059885816,3.130193285016868,4.02603957417093,5.435601647117439,0.396391950429258,0.29658112708461415,4HP tempo
64,False,36.75702812533183,3d6 vs 2d6; A+2; cap 3,3,2,2,3,0.9020061728395061,0.05877057613168725,0.03922325102880658,2.528549382716049,0.10738168724279834,0.0,0.9675925925925926,2.8108281893004112,3.0032770869561447,3.217567099165337,4.976804482586674,5.669185819135745,0.7701063719631704,0.192557323192898,first action >15pp; flank value
65,False,36.03545022249141,2d6 vs 1d6; A+2; cap 3,2,1,2,3,0.9537037037037036,0.018518518518518517,0.027777777777777776,2.699074074074074,0.023148148148148147,0.0,0.9953703703703703,2.9305555555555554,3.0390653458804904,3.1914227416299785,5.057841478237639,5.582826552338669,0.8454948535893737,0.1503596930662471,first action >15pp; flank value
66,False,35.519070459158606,2d6 vs 3d6; A+1; cap inf,2,3,1,,0.22145061728395063,0.6948302469135802,0.08371913580246913,0.5896347736625515,3.0896347736625516,0.058770576131687256,0.3996913580246914,1.2944958847736623,1.8770639059885816,2.235382336039102,3.0617432780525577,3.966451855932899,0.40545377001799465,0.5406515029004393,4HP tempo; 9HP tempo
67,False,34.73029342554667,3d6 vs 2d6; A+3; cap 3,3,2,3,3,0.9412294238683128,0.032407407407407406,0.026363168724279837,2.6912294238683128,0.05581275720164609,0.0,0.9837962962962963,2.8926183127572016,3.0065652680513133,3.1512807604579613,4.983738890353704,5.4705465368178405,0.8370468346019322,0.15340434628752292,first action >15pp; flank value
68,False,33.23859858648346,2d6 vs 1d6; A+3; cap 3,2,1,3,3,0.9814814814814815,0.004629629629629629,0.013888888888888888,2.8425925925925926,0.004629629629629629,0.0,1.0,2.976851851851852,3.024115156242439,3.100241093690267,5.036011450078554,5.31769358645682,0.9151854355066735,0.10534271590315701,first action >15pp; flank value
69,False,33.08503272925235,3d6 vs 2d6; A+4; cap 3,3,2,4,3,0.9675925925925926,0.016203703703703706,0.016203703703703703,2.8108281893004112,0.026105967078189303,0.0,0.992798353909465,2.9441872427983538,3.007227688129213,3.0969674900139923,4.992962939811216,5.306707316841176,0.8948758360761317,0.11771047577881019,first action >15pp; flank value
70,False,31.427447658753888,2d6 vs 1d6; A+4; cap 3,2,1,4,3,0.9953703703703703,0.0,0.004629629629629629,2.9305555555555554,0.0,0.0,1.0,2.9953703703703702,3.010307244006313,3.038887406104285,5.016937256988675,5.150616813192052,0.9639204033330689,0.06602306992175291,first action >15pp; flank value
71,False,29.908953585406206,2d6 vs 3d6; A+0; cap inf,2,3,0,,0.15200617283950618,0.7785493827160493,0.06944444444444445,0.3681841563786008,3.8681841563786015,0.03240740740740741,0.30516975308641975,0.8948045267489714,1.7056299353793518,2.0015068210126974,2.7135231288177413,3.5211448126409803,0.36458478619993495,0.5436836618877965,4HP tempo; 9HP tempo
72,False,29.164193404896547,2d6 vs 3d6; A+0; cap 4,2,3,0,4,0.15200617283950615,0.7785493827160495,0.06944444444444445,0.3411779835390947,2.5736882716049383,0.032407407407407406,0.30516975308641975,0.7766203703703705,1.7056299353793518,3.0912598985085546,3.8498567940568935,5.28502250093667,0.33226016524416446,0.25411572352267314,4HP tempo; first action >15pp
73,False,29.103900740654286,2d6 vs 2d6; A+3; cap 4,2,2,3,4,0.7608024691358024,0.15895061728395063,0.08024691358024691,2.4251543209876543,0.33719135802469136,0.44367283950617287,0.9027777777777779,3.1689814814814814,1.85245881448544,3.1793207389214735,4.055765113149007,5.501126505254936,0.6490297016048125,0.2736936949997757,one-shot >15%; 4HP tempo
74,False,27.85467359299322,1d6 vs 1d6; A+3; cap 4,1,1,3,4,0.8333333333333334,0.08333333333333333,0.08333333333333333,2.5555555555555554,0.1111111111111111,0.4166666666666667,0.9722222222222222,3.444444444444444,2.013453486326591,3.3593396913818783,4.32473453883995,5.875155305779586,0.702668139715627,0.25328746269166164,one-shot >15%; 4HP tempo; first action >15pp
75,False,26.11075531580731,2d6 vs 2d6; A+3; cap inf,2,2,3,,0.7608024691358024,0.1589506172839506,0.08024691358024691,3.353395061728395,0.35339506172839513,0.44367283950617287,0.9027777777777777,5.097222222222222,1.85245881448544,2.21524111381908,3.0707954231915706,4.008970035419894,0.6187766614564234,0.5389644776500709,one-shot >15%; 4HP tempo; 9HP tempo
76,False,21.259309300358936,1d6 vs 1d6; A+3; cap inf,1,1,3,,0.8333333333333335,0.08333333333333333,0.08333333333333333,3.111111111111111,0.1111111111111111,0.41666666666666663,0.9722222222222223,5.0,2.013453486326591,2.494511558282052,3.6036189643005287,4.765028116170303,0.6382319912291753,0.5099888362293246,one-shot >15%; 4HP tempo; 9HP tempo
77,False,21.115192562478533,3d6 vs 2d6; A+0; cap inf,3,2,0,,0.7785493827160493,0.15200617283950618,0.06944444444444445,3.8681841563786015,0.3681841563786008,0.5000000000000001,0.902006172839506,5.618184156378601,1.7056299353793518,2.0015068210126974,2.7135231288177413,3.5211448126409812,0.6354152138000649,0.5436836618877964,one-shot >15%; 4HP tempo; 9HP tempo
78,False,20.37043238196885,3d6 vs 2d6; A+0; cap 4,3,2,0,4,0.7785493827160495,0.15200617283950615,0.06944444444444445,2.5736882716049383,0.3411779835390947,0.5,0.9020061728395061,3.2233796296296293,1.7056299353793518,3.0912598985085546,3.849856794056893,5.28502250093667,0.6677398347558355,0.25411572352267353,one-shot >15%; 4HP tempo; first action >15pp
79,False,19.182892802022796,2d6 vs 1d6; A+0; cap 4,2,1,0,4,0.837962962962963,0.09259259259259259,0.06944444444444445,2.7037037037037037,0.16203703703703703,0.5,0.9537037037037037,3.439814814814815,1.778445529309947,3.204682354818778,4.006511530339591,5.512453327656861,0.7169015972436601,0.23511857169081057,one-shot >15%; 4HP tempo; first action >15pp
80,False,17.244473696559147,2d6 vs 1d6; A+0; cap inf,2,1,0,,0.8379629629629629,0.09259259259259259,0.06944444444444445,3.662037037037037,0.16203703703703703,0.5,0.9537037037037036,5.523148148148148,1.778445529309947,2.1385811479248344,3.031909764500654,3.982984105113503,0.6482186620968716,0.5353584764116797,one-shot >15%; 4HP tempo; 9HP tempo
81,False,15.620201532135752,2d6 vs 2d6; A+4; cap 4,2,2,4,4,0.8410493827160495,0.09722222222222221,0.06172839506172839,2.8225308641975304,0.18981481481481477,0.5563271604938271,0.9459876543209877,3.450617283950618,1.6351261474092595,3.117126328580994,3.8016142125909638,5.3010636751598526,0.7290414858085368,0.22109346212865494,one-shot >15%; 4HP tempo; first action >15pp
82,False,15.091268039492189,1d6 vs 1d6; A+4; cap 4,1,1,4,4,0.9166666666666669,0.027777777777777776,0.05555555555555555,3.055555555555556,0.027777777777777776,0.5833333333333334,1.0,3.7222222222222223,1.6217031572280691,3.1936672229714653,3.7984562079886937,5.434314049693905,0.8162508584831827,0.1763556847951118,one-shot >15%; 4HP tempo; first action >15pp
83,False,13.963910033255578,2d6 vs 2d6; A+4; cap inf,2,2,4,,0.8410493827160492,0.09722222222222222,0.06172839506172839,4.194444444444444,0.1944444444444444,0.556327160493827,0.9459876543209875,6.0432098765432105,1.6351261474092595,1.923512569109204,2.6420209271280015,3.465097262199639,0.6626300662167297,0.5406590443423801,one-shot >15%; 4HP tempo; 9HP tempo; first action >15pp
84,False,12.855095042225297,3d6 vs 2d6; A+1; cap 4,3,2,1,4,0.8479938271604939,0.09799382716049383,0.05401234567901234,2.921682098765432,0.20537551440329216,0.6003086419753086,0.9412294238683128,3.4697788065843618,1.5360493376650706,3.0597229317853967,3.6606446694341295,5.162700799926547,0.7417866325203725,0.20862594493118594,one-shot >15%; 4HP tempo; first action >15pp
85,False,12.800877058118937,2d6 vs 1d6; A+1; cap 4,2,1,1,4,0.9074074074074074,0.046296296296296294,0.046296296296296294,3.111111111111111,0.06944444444444445,0.625,0.9814814814814814,3.6805555555555554,1.526651737380149,3.1154870649157558,3.6725285998788397,5.267596820017092,0.8124609737435943,0.17298759644495043,one-shot >15%; 4HP tempo; first action >15pp; flank value
86,False,11.525434089624644,2d6 vs 1d6; A+2; cap 4,2,1,2,4,0.9537037037037037,0.018518518518518517,0.027777777777777776,3.439814814814815,0.023148148148148147,0.7407407407407407,0.9953703703703703,3.837962962962963,1.3293691262807028,3.0625227852844685,3.4013456861094635,5.128427090311694,0.8965684209752183,0.11855993836988934,one-shot >15%; 4HP tempo; first action >15pp; flank value
87,False,10.834758237075373,3d6 vs 2d6; A+2; cap 4,3,2,2,4,0.9020061728395061,0.05877057613168725,0.03922325102880658,3.2233796296296293,0.11458333333333334,0.6948302469135802,0.9675925925925926,3.6588220164609058,1.3865411551535791,3.0378992120844734,3.481514448911649,5.082078387108761,0.816579723852755,0.1647259109642088,one-shot >15%; 4HP tempo; first action >15pp; flank value
88,False,10.7710370673017,2d6 vs 1d6; A+3; cap 4,2,1,3,4,0.9814814814814814,0.004629629629629629,0.013888888888888888,3.6805555555555554,0.004629629629629629,0.8379629629629629,1.0,3.930555555555556,1.1890497324185496,3.031909599672342,3.2144866858750243,5.059546731423588,0.955717939612861,0.07345187472136588,one-shot >15%; 4HP tempo; first action >15pp; flank value
89,False,10.537208624746,3d6 vs 2d6; A+3; cap 4,3,2,3,4,0.9412294238683128,0.032407407407407406,0.026363168724279837,3.4697788065843618,0.058513374485596716,0.7785493827160493,0.9837962962962963,3.7946244855967075,1.2652474300811087,3.02394455205726,3.328777568246348,5.03806427584484,0.8822873733176727,0.12516031880048253,one-shot >15%; 4HP tempo; first action >15pp; flank value
90,False,10.501237019425199,3d6 vs 2d6; A+1; cap inf,3,2,1,,0.8479938271604938,0.0979938271604938,0.05401234567901234,4.716177983539095,0.21617798353909465,0.6003086419753086,0.9412294238683127,6.559413580246915,1.5360493376650706,1.7712835537920546,2.368478139021663,3.080363862333876,0.6786407083411911,0.5377012989680089,one-shot >15%; 4HP tempo; 9HP tempo; first action >15pp
91,False,10.29985875714112,2d6 vs 1d6; A+4; cap 4,2,1,4,4,0.9953703703703703,0.0,0.004629629629629629,3.837962962962963,0.0,0.9074074074074074,1.0,3.9768518518518516,1.1013359668327276,3.01241179752516,3.1013507022132205,5.023153806092259,0.9878888461518864,0.037209988702647,one-shot >15%; 4HP tempo; first action >15pp; flank value
92,False,10.297302567792268,3d6 vs 2d6; A+4; cap 4,3,2,4,4,0.9675925925925926,0.016203703703703706,0.016203703703703703,3.6588220164609058,0.026877572016460904,0.8479938271604939,0.992798353909465,3.8854166666666665,1.1731742050996332,3.014982623509425,3.209812677066829,5.017603163827913,0.9324265223442019,0.09125527687419857,one-shot >15%; 4HP tempo; first action >15pp; flank value
93,False,9.738067079240691,2d6 vs 1d6; A+4; cap inf,2,1,4,,0.9953703703703703,0.0,0.004629629629629629,7.5,0.0,0.9074074074074073,0.9999999999999999,9.5,1.1013359668327276,1.189042955476683,1.5234006186538487,2.0574439976338343,0.8635095758562866,0.3843521151767438,one-shot >15%; 4HP tempo; 9HP tempo; first action >15pp; flank value
94,False,9.680932033657665,2d6 vs 1d6; A+3; cap inf,2,1,3,,0.9814814814814814,0.004629629629629629,0.013888888888888888,6.50462962962963,0.004629629629629629,0.8379629629629629,0.9999999999999999,8.5,1.1890497324185496,1.3304352927272283,1.781507374360046,2.4158779193349837,0.8031425100950643,0.45965334092189064,one-shot >15%; 4HP tempo; 9HP tempo; first action >15pp; flank value
95,False,9.591980664460078,1d6 vs 1d6; A+4; cap inf,1,1,4,,0.9166666666666667,0.027777777777777776,0.05555555555555555,4.027777777777778,0.027777777777777776,0.5833333333333334,1.0000000000000002,6.0,1.6217031572280691,2.018144743191369,2.9219886544499936,3.88735231056815,0.6854632174903763,0.5227968554603856,one-shot >15%; 4HP tempo; 9HP tempo; first action >15pp
96,False,9.487384600645093,3d6 vs 2d6; A+4; cap inf,3,2,4,,0.9675925925925924,0.016203703703703703,0.016203703703703703,7.527006172839507,0.02700617283950617,0.8479938271604938,0.9927983539094648,9.503600823045266,1.1731742050996332,1.2709642810081223,1.5757330238196545,2.0298780215636363,0.8222550319831371,0.43466135869362654,one-shot >15%; 4HP tempo; 9HP tempo; first action >15pp; flank value
97,False,9.415109296189438,2d6 vs 1d6; A+2; cap inf,2,1,2,,0.9537037037037036,0.018518518518518517,0.027777777777777776,5.523148148148148,0.023148148148148147,0.7407407407407407,0.9953703703703703,7.5,1.3293691262807028,1.531083011154784,2.1115992731960307,2.8475795041215193,0.7461564238733445,0.5092514221421593,one-shot >15%; 4HP tempo; 9HP tempo; first action >15pp; flank value
98,False,9.319015731569596,3d6 vs 2d6; A+3; cap inf,3,2,3,,0.9412294238683127,0.03240740740740741,0.026363168724279837,6.559413580246915,0.059413580246913594,0.7785493827160493,0.9837962962962962,8.510802469135806,1.2652474300811087,1.400827008037767,1.792850235487036,2.3293209335134257,0.7728792947807267,0.4841903381927053,one-shot >15%; 4HP tempo; 9HP tempo; first action >15pp; flank value
99,False,9.13047536793283,2d6 vs 1d6; A+1; cap inf,2,1,1,,0.9074074074074073,0.046296296296296294,0.046296296296296294,4.569444444444444,0.06944444444444445,0.625,0.9814814814814814,6.50462962962963,1.526651737380149,1.7984858587276487,2.526690731164562,3.360037272513603,0.6952593080989239,0.5327352610279387,one-shot >15%; 4HP tempo; 9HP tempo; first action >15pp; flank value
100,False,9.065766467074056,3d6 vs 2d6; A+2; cap inf,3,2,2,,0.902006172839506,0.058770576131687256,0.03922325102880658,5.618184156378601,0.11818415637860083,0.6948302469135802,0.9675925925925924,7.527006172839507,1.3865411551535791,1.5679543672334275,2.0576240082443515,2.679478532359993,0.7245183157788432,0.5186396608154518,one-shot >15%; 4HP tempo; 9HP tempo; first action >15pp; flank value
